,file_name,iou
0,ST1_20200808_MMR_1C48_12_54.png,0.0
1,ST1_20200808_MMR_1C48_13_48.png,0.0
2,ST1_20200808_MMR_1C48_13_49.png,0.0
3,ST1_20200808_MMR_1C48_13_50.png,0.0
4,ST1_20200808_MMR_1C48_13_51.png,0.0
5,ST1_20200808_MMR_1C48_13_52.png,0.0
6,ST1_20200808_MMR_1C48_13_53.png,0.0
7,ST1_20200808_MMR_1C48_13_54.png,0.0
8,ST1_20200808_MMR_1C48_14_42.png,0.0
9,ST1_20200808_MMR_1C48_14_43.png,0.4167856123322866
10,ST1_20200808_MMR_1C48_14_44.png,0.0
11,ST1_20200808_MMR_1C48_14_45.png,0.0
12,ST1_20200808_MMR_1C48_14_46.png,0.0
13,ST1_20200808_MMR_1C48_14_47.png,0.0
14,ST1_20200808_MMR_1C48_14_48.png,0.0
15,ST1_20200808_MMR_1C48_14_49.png,0.0
16,ST1_20200808_MMR_1C48_14_50.png,0.0
17,ST1_20200808_MMR_1C48_14_51.png,0.0
18,ST1_20200808_MMR_1C48_14_52.png,0.0
19,ST1_20200808_MMR_1C48_14_53.png,0.0
20,ST1_20200808_MMR_1C48_14_54.png,0.0
21,ST1_20200808_MMR_1C48_14_55.png,0.0
22,ST1_20200808_MMR_1C48_15_44.png,0.02029794483308565
23,ST1_20200808_MMR_1C48_15_45.png,0.0
24,ST1_20200808_MMR_1C48_15_46.png,0.0
25,ST1_20200808_MMR_1C48_15_47.png,0.0
26,ST1_20200808_MMR_1C48_15_48.png,0.0
27,ST1_20200808_MMR_1C48_15_49.png,0.0
28,ST1_20200808_MMR_1C48_15_50.png,0.0
29,ST1_20200808_MMR_1C48_15_51.png,0.0
30,ST1_20200808_MMR_1C48_15_52.png,0.0
31,ST1_20200808_MMR_1C48_15_53.png,0.0
32,ST1_20200808_MMR_1C48_15_54.png,0.0
33,ST1_20200808_MMR_1C48_15_55.png,0.0
34,ST1_20200808_MMR_1C48_16_37.png,0.015012510425354461
35,ST1_20200808_MMR_1C48_16_44.png,0.4507715417178752
36,ST1_20200808_MMR_1C48_16_46.png,0.0
37,ST1_20200808_MMR_1C48_16_47.png,0.0
38,ST1_20200808_MMR_1C48_16_48.png,0.0
39,ST1_20200808_MMR_1C48_16_49.png,0.0
40,ST1_20200808_MMR_1C48_16_50.png,0.0
41,ST1_20200808_MMR_1C48_16_51.png,0.0
42,ST1_20200808_MMR_1C48_16_52.png,0.0
43,ST1_20200808_MMR_1C48_16_53.png,0.0
44,ST1_20200808_MMR_1C48_16_54.png,0.0
45,ST1_20200808_MMR_1C48_16_55.png,0.0
46,ST1_20200808_MMR_1C48_17_35.png,0.0
47,ST1_20200808_MMR_1C48_17_37.png,0.0
48,ST1_20200808_MMR_1C48_17_47.png,0.0
49,ST1_20200808_MMR_1C48_17_48.png,0.10078585461689588
50,ST1_20200808_MMR_1C48_17_49.png,0.0
51,ST1_20200808_MMR_1C48_17_50.png,0.0
52,ST1_20200808_MMR_1C48_17_51.png,0.0
53,ST1_20200808_MMR_1C48_17_52.png,0.0
54,ST1_20200808_MMR_1C48_17_53.png,0.0
55,ST1_20200808_MMR_1C48_17_54.png,0.0
56,ST1_20200808_MMR_1C48_17_55.png,0.0
57,ST1_20200808_MMR_1C48_18_34.png,0.0
58,ST1_20200808_MMR_1C48_18_35.png,0.0
59,ST1_20200808_MMR_1C48_18_36.png,0.0
60,ST1_20200808_MMR_1C48_18_37.png,0.0
61,ST1_20200808_MMR_1C48_18_38.png,0.0
62,ST1_20200808_MMR_1C48_18_39.png,0.0
63,ST1_20200808_MMR_1C48_18_50.png,0.0
64,ST1_20200808_MMR_1C48_18_51.png,0.0
65,ST1_20200808_MMR_1C48_18_52.png,0.0
66,ST1_20200808_MMR_1C48_18_53.png,0.0
67,ST1_20200808_MMR_1C48_18_54.png,0.0
68,ST1_20200808_MMR_1C48_18_55.png,0.0
69,ST1_20200808_MMR_1C48_18_56.png,0.0
70,ST1_20200808_MMR_1C48_19_30.png,0.0
71,ST1_20200808_MMR_1C48_19_36.png,0.0
72,ST1_20200808_MMR_1C48_19_37.png,0.0
73,ST1_20200808_MMR_1C48_19_38.png,0.0
74,ST1_20200808_MMR_1C48_19_39.png,0.0
75,ST1_20200808_MMR_1C48_19_40.png,0.0
76,ST1_20200808_MMR_1C48_19_50.png,0.0
77,ST1_20200808_MMR_1C48_19_51.png,0.0
78,ST1_20200808_MMR_1C48_19_52.png,0.0
79,ST1_20200808_MMR_1C48_19_53.png,0.0
80,ST1_20200808_MMR_1C48_19_54.png,0.0
81,ST1_20200808_MMR_1C48_19_55.png,0.0
82,ST1_20200808_MMR_1C48_19_56.png,0.0
83,ST1_20200808_MMR_1C48_20_29.png,0.0
84,ST1_20200808_MMR_1C48_20_32.png,0.0
85,ST1_20200808_MMR_1C48_20_33.png,0.0
86,ST1_20200808_MMR_1C48_20_34.png,0.0
87,ST1_20200808_MMR_1C48_20_36.png,0.0
88,ST1_20200808_MMR_1C48_20_37.png,0.0
89,ST1_20200808_MMR_1C48_20_38.png,0.0
90,ST1_20200808_MMR_1C48_20_39.png,0.0
91,ST1_20200808_MMR_1C48_20_40.png,0.0
92,ST1_20200808_MMR_1C48_20_41.png,0.0
93,ST1_20200808_MMR_1C48_20_50.png,0.0
94,ST1_20200808_MMR_1C48_20_51.png,0.0
95,ST1_20200808_MMR_1C48_20_52.png,0.0
96,ST1_20200808_MMR_1C48_20_53.png,0.0
97,ST1_20200808_MMR_1C48_20_54.png,0.0
98,ST1_20200808_MMR_1C48_20_55.png,0.0
99,ST1_20200808_MMR_1C48_20_56.png,0.0
100,ST1_20200808_MMR_1C48_21_33.png,0.0
101,ST1_20200808_MMR_1C48_21_35.png,0.0
102,ST1_20200808_MMR_1C48_21_36.png,0.0
103,ST1_20200808_MMR_1C48_21_37.png,0.0
104,ST1_20200808_MMR_1C48_21_38.png,0.0
105,ST1_20200808_MMR_1C48_21_39.png,0.0
106,ST1_20200808_MMR_1C48_21_40.png,0.0
107,ST1_20200808_MMR_1C48_21_41.png,0.0
108,ST1_20200808_MMR_1C48_21_42.png,0.0
109,ST1_20200808_MMR_1C48_21_49.png,0.0
110,ST1_20200808_MMR_1C48_21_50.png,0.0
111,ST1_20200808_MMR_1C48_21_52.png,0.0
112,ST1_20200808_MMR_1C48_21_53.png,0.0
113,ST1_20200808_MMR_1C48_21_54.png,0.0
114,ST1_20200808_MMR_1C48_21_55.png,0.0
115,ST1_20200808_MMR_1C48_21_56.png,0.0
116,ST1_20200808_MMR_1C48_22_23.png,0.0
117,ST1_20200808_MMR_1C48_22_33.png,0.0
118,ST1_20200808_MMR_1C48_22_36.png,0.0
119,ST1_20200808_MMR_1C48_22_37.png,0.0
120,ST1_20200808_MMR_1C48_22_38.png,0.0
121,ST1_20200808_MMR_1C48_22_39.png,0.0
122,ST1_20200808_MMR_1C48_22_40.png,0.0
123,ST1_20200808_MMR_1C48_22_41.png,0.0
124,ST1_20200808_MMR_1C48_22_49.png,0.0
125,ST1_20200808_MMR_1C48_22_50.png,0.0
126,ST1_20200808_MMR_1C48_22_51.png,0.0
127,ST1_20200808_MMR_1C48_22_52.png,0.0
128,ST1_20200808_MMR_1C48_22_53.png,0.0
129,ST1_20200808_MMR_1C48_22_54.png,0.0
130,ST1_20200808_MMR_1C48_22_55.png,0.0
131,ST1_20200808_MMR_1C48_22_56.png,0.0
132,ST1_20200808_MMR_1C48_22_57.png,0.0
133,ST1_20200808_MMR_1C48_23_12.png,0.0
134,ST1_20200808_MMR_1C48_23_33.png,0.0
135,ST1_20200808_MMR_1C48_23_34.png,0.0
136,ST1_20200808_MMR_1C48_23_36.png,0.0
137,ST1_20200808_MMR_1C48_23_37.png,0.0
138,ST1_20200808_MMR_1C48_23_38.png,0.0
139,ST1_20200808_MMR_1C48_23_39.png,0.0
140,ST1_20200808_MMR_1C48_23_41.png,0.0
141,ST1_20200808_MMR_1C48_23_42.png,0.0
142,ST1_20200808_MMR_1C48_23_43.png,0.0
143,ST1_20200808_MMR_1C48_23_49.png,0.0
144,ST1_20200808_MMR_1C48_23_50.png,0.0
145,ST1_20200808_MMR_1C48_23_51.png,0.0
146,ST1_20200808_MMR_1C48_23_52.png,0.0
147,ST1_20200808_MMR_1C48_23_53.png,0.0
148,ST1_20200808_MMR_1C48_23_54.png,0.0
149,ST1_20200808_MMR_1C48_23_55.png,0.0
150,ST1_20200808_MMR_1C48_23_56.png,0.0
151,ST1_20200808_MMR_1C48_23_57.png,0.0
152,ST1_20200808_MMR_1C48_24_34.png,0.0
153,ST1_20200808_MMR_1C48_24_38.png,0.0
154,ST1_20200808_MMR_1C48_24_39.png,0.0
155,ST1_20200808_MMR_1C48_24_40.png,0.0
156,ST1_20200808_MMR_1C48_24_42.png,0.0
157,ST1_20200808_MMR_1C48_24_43.png,0.0
158,ST1_20200808_MMR_1C48_24_47.png,0.0
159,ST1_20200808_MMR_1C48_24_5.png,0.0
160,ST1_20200808_MMR_1C48_24_51.png,0.47255021302495437
161,ST1_20200808_MMR_1C48_24_52.png,0.0
162,ST1_20200808_MMR_1C48_24_53.png,0.0
163,ST1_20200808_MMR_1C48_24_54.png,0.0
164,ST1_20200808_MMR_1C48_24_55.png,0.0
165,ST1_20200808_MMR_1C48_24_56.png,0.0
166,ST1_20200808_MMR_1C48_24_57.png,0.0
167,ST1_20200808_MMR_1C48_24_6.png,0.0
168,ST1_20200808_MMR_1C48_25_29.png,0.0
169,ST1_20200808_MMR_1C48_25_30.png,0.0
170,ST1_20200808_MMR_1C48_25_35.png,0.0
171,ST1_20200808_MMR_1C48_25_40.png,0.0
172,ST1_20200808_MMR_1C48_25_41.png,0.0
173,ST1_20200808_MMR_1C48_25_43.png,0.0
174,ST1_20200808_MMR_1C48_25_46.png,0.363682092555332
175,ST1_20200808_MMR_1C48_25_47.png,0.0
176,ST1_20200808_MMR_1C48_25_48.png,0.0
177,ST1_20200808_MMR_1C48_25_5.png,0.0
178,ST1_20200808_MMR_1C48_25_52.png,0.0
179,ST1_20200808_MMR_1C48_25_53.png,0.0
180,ST1_20200808_MMR_1C48_25_54.png,0.0
181,ST1_20200808_MMR_1C48_25_55.png,0.0
182,ST1_20200808_MMR_1C48_25_56.png,0.0
183,ST1_20200808_MMR_1C48_25_57.png,0.0
184,ST1_20200808_MMR_1C48_25_58.png,0.0
185,ST1_20200808_MMR_1C48_25_7.png,0.0
186,ST1_20200808_MMR_1C48_25_8.png,0.0
187,ST1_20200808_MMR_1C48_26_29.png,0.0
188,ST1_20200808_MMR_1C48_26_30.png,0.0
189,ST1_20200808_MMR_1C48_26_31.png,0.0
190,ST1_20200808_MMR_1C48_26_32.png,0.0
191,ST1_20200808_MMR_1C48_26_34.png,0.0
192,ST1_20200808_MMR_1C48_26_35.png,0.0
193,ST1_20200808_MMR_1C48_26_41.png,0.0
194,ST1_20200808_MMR_1C48_26_42.png,0.0
195,ST1_20200808_MMR_1C48_26_43.png,0.0
196,ST1_20200808_MMR_1C48_26_44.png,0.0
197,ST1_20200808_MMR_1C48_26_48.png,0.0
198,ST1_20200808_MMR_1C48_26_5.png,0.0
199,ST1_20200808_MMR_1C48_26_50.png,0.06007067137809187
200,ST1_20200808_MMR_1C48_26_52.png,0.0
201,ST1_20200808_MMR_1C48_26_53.png,0.0
202,ST1_20200808_MMR_1C48_26_54.png,0.0
203,ST1_20200808_MMR_1C48_26_55.png,0.0
204,ST1_20200808_MMR_1C48_26_56.png,0.0
205,ST1_20200808_MMR_1C48_26_57.png,0.0
206,ST1_20200808_MMR_1C48_26_58.png,0.0
207,ST1_20200808_MMR_1C48_27_32.png,0.0
208,ST1_20200808_MMR_1C48_27_33.png,0.0
209,ST1_20200808_MMR_1C48_27_34.png,0.0
210,ST1_20200808_MMR_1C48_27_35.png,0.0
211,ST1_20200808_MMR_1C48_27_39.png,0.0
212,ST1_20200808_MMR_1C48_27_40.png,0.0
213,ST1_20200808_MMR_1C48_27_41.png,0.0
214,ST1_20200808_MMR_1C48_27_43.png,0.0
215,ST1_20200808_MMR_1C48_27_44.png,0.0
216,ST1_20200808_MMR_1C48_27_48.png,0.0
217,ST1_20200808_MMR_1C48_27_49.png,0.0
218,ST1_20200808_MMR_1C48_27_50.png,0.0
219,ST1_20200808_MMR_1C48_27_53.png,0.07026205848841625
220,ST1_20200808_MMR_1C48_27_54.png,0.0
221,ST1_20200808_MMR_1C48_27_55.png,0.0
222,ST1_20200808_MMR_1C48_27_56.png,0.0
223,ST1_20200808_MMR_1C48_27_57.png,0.0
224,ST1_20200808_MMR_1C48_27_58.png,0.0
225,ST1_20200808_MMR_1C48_28_33.png,0.0
226,ST1_20200808_MMR_1C48_28_34.png,0.0
227,ST1_20200808_MMR_1C48_28_35.png,0.0
228,ST1_20200808_MMR_1C48_28_36.png,0.0
229,ST1_20200808_MMR_1C48_28_39.png,0.0
230,ST1_20200808_MMR_1C48_28_40.png,0.0
231,ST1_20200808_MMR_1C48_28_41.png,0.0
232,ST1_20200808_MMR_1C48_28_42.png,0.0
233,ST1_20200808_MMR_1C48_28_43.png,0.0
234,ST1_20200808_MMR_1C48_28_44.png,0.0
235,ST1_20200808_MMR_1C48_28_45.png,0.061847389558232935
236,ST1_20200808_MMR_1C48_28_49.png,0.0
237,ST1_20200808_MMR_1C48_28_5.png,0.0
238,ST1_20200808_MMR_1C48_28_50.png,0.0
239,ST1_20200808_MMR_1C48_28_53.png,0.45212149316021333
240,ST1_20200808_MMR_1C48_28_54.png,0.0
241,ST1_20200808_MMR_1C48_28_55.png,0.0
242,ST1_20200808_MMR_1C48_28_56.png,0.0
243,ST1_20200808_MMR_1C48_28_57.png,0.0
244,ST1_20200808_MMR_1C48_28_58.png,0.0
245,ST1_20200808_MMR_1C48_29_32.png,0.0
246,ST1_20200808_MMR_1C48_29_33.png,0.0
247,ST1_20200808_MMR_1C48_29_34.png,0.0
248,ST1_20200808_MMR_1C48_29_35.png,0.0
249,ST1_20200808_MMR_1C48_29_36.png,0.0
250,ST1_20200808_MMR_1C48_29_37.png,0.0
251,ST1_20200808_MMR_1C48_29_38.png,0.0
252,ST1_20200808_MMR_1C48_29_39.png,0.0
253,ST1_20200808_MMR_1C48_29_40.png,0.0
254,ST1_20200808_MMR_1C48_29_41.png,0.0
255,ST1_20200808_MMR_1C48_29_42.png,0.0
256,ST1_20200808_MMR_1C48_29_43.png,0.0
257,ST1_20200808_MMR_1C48_29_44.png,0.016831683168316833
258,ST1_20200808_MMR_1C48_29_45.png,0.0
259,ST1_20200808_MMR_1C48_29_49.png,0.0
260,ST1_20200808_MMR_1C48_29_5.png,0.0
261,ST1_20200808_MMR_1C48_29_50.png,0.06396063960639606
262,ST1_20200808_MMR_1C48_29_53.png,0.055586436909394105
263,ST1_20200808_MMR_1C48_29_54.png,0.0
264,ST1_20200808_MMR_1C48_29_55.png,0.0
265,ST1_20200808_MMR_1C48_29_56.png,0.0
266,ST1_20200808_MMR_1C48_29_57.png,0.0
267,ST1_20200808_MMR_1C48_29_58.png,0.0
268,ST1_20200808_MMR_1C48_29_59.png,0.0
269,ST1_20200808_MMR_1C48_29_6.png,0.0
270,ST1_20200808_MMR_1C48_30_27.png,0.0
271,ST1_20200808_MMR_1C48_30_28.png,0.0
272,ST1_20200808_MMR_1C48_30_29.png,0.0
273,ST1_20200808_MMR_1C48_30_30.png,0.0
274,ST1_20200808_MMR_1C48_30_32.png,0.0
275,ST1_20200808_MMR_1C48_30_33.png,0.0
276,ST1_20200808_MMR_1C48_30_34.png,0.0
277,ST1_20200808_MMR_1C48_30_35.png,0.0
278,ST1_20200808_MMR_1C48_30_36.png,0.0
279,ST1_20200808_MMR_1C48_30_37.png,0.0
280,ST1_20200808_MMR_1C48_30_38.png,0.0
281,ST1_20200808_MMR_1C48_30_39.png,0.0
282,ST1_20200808_MMR_1C48_30_40.png,0.0
283,ST1_20200808_MMR_1C48_30_41.png,0.0
284,ST1_20200808_MMR_1C48_30_49.png,0.3077713940127003
285,ST1_20200808_MMR_1C48_30_50.png,0.0
286,ST1_20200808_MMR_1C48_30_54.png,0.34020954598370196
287,ST1_20200808_MMR_1C48_30_55.png,0.0
288,ST1_20200808_MMR_1C48_30_56.png,0.0
289,ST1_20200808_MMR_1C48_30_57.png,0.0
290,ST1_20200808_MMR_1C48_30_58.png,0.0
291,ST1_20200808_MMR_1C48_30_59.png,0.0
292,ST1_20200808_MMR_1C48_30_6.png,0.0
293,ST1_20200808_MMR_1C48_31_28.png,0.0
294,ST1_20200808_MMR_1C48_31_29.png,0.0
295,ST1_20200808_MMR_1C48_31_30.png,0.0
296,ST1_20200808_MMR_1C48_31_31.png,0.0
297,ST1_20200808_MMR_1C48_31_32.png,0.0
298,ST1_20200808_MMR_1C48_31_33.png,0.0
299,ST1_20200808_MMR_1C48_31_34.png,0.0
300,ST1_20200808_MMR_1C48_31_37.png,0.0
301,ST1_20200808_MMR_1C48_31_39.png,0.0
302,ST1_20200808_MMR_1C48_31_40.png,0.0
303,ST1_20200808_MMR_1C48_31_41.png,0.27058336781133635
304,ST1_20200808_MMR_1C48_31_43.png,0.0
305,ST1_20200808_MMR_1C48_31_44.png,0.0
306,ST1_20200808_MMR_1C48_31_50.png,0.0
307,ST1_20200808_MMR_1C48_31_54.png,0.1320268553801488
308,ST1_20200808_MMR_1C48_31_55.png,0.0
309,ST1_20200808_MMR_1C48_31_56.png,0.0
310,ST1_20200808_MMR_1C48_31_57.png,0.0
311,ST1_20200808_MMR_1C48_31_58.png,0.0
312,ST1_20200808_MMR_1C48_31_59.png,0.0
313,ST1_20200808_MMR_1C48_31_6.png,0.0
314,ST1_20200808_MMR_1C48_32_31.png,0.0
315,ST1_20200808_MMR_1C48_32_32.png,0.0
316,ST1_20200808_MMR_1C48_32_33.png,0.0
317,ST1_20200808_MMR_1C48_32_34.png,0.0
318,ST1_20200808_MMR_1C48_32_35.png,0.0
319,ST1_20200808_MMR_1C48_32_37.png,0.0
320,ST1_20200808_MMR_1C48_32_38.png,0.0
321,ST1_20200808_MMR_1C48_32_39.png,0.0
322,ST1_20200808_MMR_1C48_32_40.png,0.0
323,ST1_20200808_MMR_1C48_32_44.png,0.25380710659898476
324,ST1_20200808_MMR_1C48_32_55.png,0.0
325,ST1_20200808_MMR_1C48_32_56.png,0.0
326,ST1_20200808_MMR_1C48_32_57.png,0.0
327,ST1_20200808_MMR_1C48_32_58.png,0.0
328,ST1_20200808_MMR_1C48_32_59.png,0.0
329,ST1_20200808_MMR_1C48_32_6.png,0.0
330,ST1_20200808_MMR_1C48_32_7.png,0.0
331,ST1_20200808_MMR_1C48_32_8.png,0.0
332,ST1_20200808_MMR_1C48_33_27.png,0.0
333,ST1_20200808_MMR_1C48_33_31.png,0.0
334,ST1_20200808_MMR_1C48_33_33.png,0.0
335,ST1_20200808_MMR_1C48_33_34.png,0.0
336,ST1_20200808_MMR_1C48_33_35.png,0.0
337,ST1_20200808_MMR_1C48_33_36.png,0.0
338,ST1_20200808_MMR_1C48_33_37.png,0.0
339,ST1_20200808_MMR_1C48_33_39.png,0.0
340,ST1_20200808_MMR_1C48_33_40.png,0.0
341,ST1_20200808_MMR_1C48_33_41.png,0.3865983445013796
342,ST1_20200808_MMR_1C48_33_55.png,0.0
343,ST1_20200808_MMR_1C48_33_56.png,0.0
344,ST1_20200808_MMR_1C48_33_57.png,0.0
345,ST1_20200808_MMR_1C48_33_58.png,0.0
346,ST1_20200808_MMR_1C48_33_59.png,0.0
347,ST1_20200808_MMR_1C48_33_6.png,0.0
348,ST1_20200808_MMR_1C48_33_60.png,0.0
349,ST1_20200808_MMR_1C48_33_7.png,0.0
350,ST1_20200808_MMR_1C48_33_8.png,0.0
351,ST1_20200808_MMR_1C48_33_9.png,0.0
352,ST1_20200808_MMR_1C48_34_10.png,0.0
353,ST1_20200808_MMR_1C48_34_29.png,0.0
354,ST1_20200808_MMR_1C48_34_31.png,0.0
355,ST1_20200808_MMR_1C48_34_34.png,0.0
356,ST1_20200808_MMR_1C48_34_35.png,0.0
357,ST1_20200808_MMR_1C48_34_36.png,0.0
358,ST1_20200808_MMR_1C48_34_37.png,0.0
359,ST1_20200808_MMR_1C48_34_38.png,0.0
360,ST1_20200808_MMR_1C48_34_39.png,0.0
361,ST1_20200808_MMR_1C48_34_40.png,0.0
362,ST1_20200808_MMR_1C48_34_41.png,0.4129752354377398
363,ST1_20200808_MMR_1C48_34_55.png,0.0
364,ST1_20200808_MMR_1C48_34_56.png,0.0
365,ST1_20200808_MMR_1C48_34_57.png,0.0
366,ST1_20200808_MMR_1C48_34_58.png,0.0
367,ST1_20200808_MMR_1C48_34_59.png,0.0
368,ST1_20200808_MMR_1C48_34_6.png,0.0
369,ST1_20200808_MMR_1C48_34_60.png,0.0
370,ST1_20200808_MMR_1C48_34_7.png,0.0
371,ST1_20200808_MMR_1C48_34_9.png,0.0
372,ST1_20200808_MMR_1C48_35_10.png,0.0
373,ST1_20200808_MMR_1C48_35_30.png,0.0
374,ST1_20200808_MMR_1C48_35_32.png,0.0
375,ST1_20200808_MMR_1C48_35_35.png,0.0
376,ST1_20200808_MMR_1C48_35_36.png,0.0
377,ST1_20200808_MMR_1C48_35_37.png,0.0
378,ST1_20200808_MMR_1C48_35_38.png,0.0
379,ST1_20200808_MMR_1C48_35_39.png,0.0
380,ST1_20200808_MMR_1C48_35_55.png,0.0
381,ST1_20200808_MMR_1C48_35_56.png,0.0
382,ST1_20200808_MMR_1C48_35_57.png,0.0
383,ST1_20200808_MMR_1C48_35_58.png,0.0
384,ST1_20200808_MMR_1C48_35_59.png,0.0
385,ST1_20200808_MMR_1C48_35_60.png,0.0
386,ST1_20200808_MMR_1C48_36_28.png,0.0
387,ST1_20200808_MMR_1C48_36_30.png,0.0
388,ST1_20200808_MMR_1C48_36_31.png,0.0
389,ST1_20200808_MMR_1C48_36_32.png,0.0
390,ST1_20200808_MMR_1C48_36_34.png,0.0
391,ST1_20200808_MMR_1C48_36_35.png,0.0
392,ST1_20200808_MMR_1C48_36_36.png,0.0
393,ST1_20200808_MMR_1C48_36_37.png,0.0
394,ST1_20200808_MMR_1C48_36_38.png,0.0
395,ST1_20200808_MMR_1C48_36_39.png,0.15924657534246575
396,ST1_20200808_MMR_1C48_36_44.png,0.40146277928063323
397,ST1_20200808_MMR_1C48_36_55.png,0.0
398,ST1_20200808_MMR_1C48_36_56.png,0.0
399,ST1_20200808_MMR_1C48_36_57.png,0.0
400,ST1_20200808_MMR_1C48_36_58.png,0.0
401,ST1_20200808_MMR_1C48_36_59.png,0.0
402,ST1_20200808_MMR_1C48_36_60.png,0.0
403,ST1_20200808_MMR_1C48_37_28.png,0.0
404,ST1_20200808_MMR_1C48_37_29.png,0.0
405,ST1_20200808_MMR_1C48_37_30.png,0.0
406,ST1_20200808_MMR_1C48_37_31.png,0.0
407,ST1_20200808_MMR_1C48_37_32.png,0.0
408,ST1_20200808_MMR_1C48_37_34.png,0.0
409,ST1_20200808_MMR_1C48_37_35.png,0.0
410,ST1_20200808_MMR_1C48_37_36.png,0.0
411,ST1_20200808_MMR_1C48_37_37.png,0.0
412,ST1_20200808_MMR_1C48_37_38.png,0.0
413,ST1_20200808_MMR_1C48_37_44.png,0.46190476190476193
414,ST1_20200808_MMR_1C48_37_52.png,0.23484821523897648
415,ST1_20200808_MMR_1C48_37_55.png,0.0
416,ST1_20200808_MMR_1C48_37_56.png,0.0
417,ST1_20200808_MMR_1C48_37_57.png,0.0
418,ST1_20200808_MMR_1C48_37_58.png,0.0
419,ST1_20200808_MMR_1C48_37_59.png,0.0
420,ST1_20200808_MMR_1C48_37_60.png,0.0
421,ST1_20200808_MMR_1C48_37_61.png,0.0
422,ST1_20200808_MMR_1C48_38_29.png,0.0
423,ST1_20200808_MMR_1C48_38_31.png,0.0
424,ST1_20200808_MMR_1C48_38_32.png,0.0
425,ST1_20200808_MMR_1C48_38_33.png,0.0
426,ST1_20200808_MMR_1C48_38_37.png,0.17688385269121812
427,ST1_20200808_MMR_1C48_38_38.png,0.0
428,ST1_20200808_MMR_1C48_38_50.png,0.0
429,ST1_20200808_MMR_1C48_38_51.png,0.21134230926152592
430,ST1_20200808_MMR_1C48_38_52.png,0.14320486815415823
431,ST1_20200808_MMR_1C48_38_55.png,0.0
432,ST1_20200808_MMR_1C48_38_56.png,0.0
433,ST1_20200808_MMR_1C48_38_57.png,0.0
434,ST1_20200808_MMR_1C48_38_58.png,0.0
435,ST1_20200808_MMR_1C48_38_59.png,0.0
436,ST1_20200808_MMR_1C48_38_60.png,0.0
437,ST1_20200808_MMR_1C48_38_61.png,0.0
438,ST1_20200808_MMR_1C48_39_30.png,0.0
439,ST1_20200808_MMR_1C48_39_31.png,0.0
440,ST1_20200808_MMR_1C48_39_32.png,0.0
441,ST1_20200808_MMR_1C48_39_33.png,0.0
442,ST1_20200808_MMR_1C48_39_49.png,0.0
443,ST1_20200808_MMR_1C48_39_50.png,0.0
444,ST1_20200808_MMR_1C48_39_51.png,0.11616269165247019
445,ST1_20200808_MMR_1C48_39_52.png,0.0
446,ST1_20200808_MMR_1C48_39_55.png,0.0
447,ST1_20200808_MMR_1C48_39_56.png,0.0
448,ST1_20200808_MMR_1C48_39_57.png,0.0
449,ST1_20200808_MMR_1C48_39_58.png,0.0
450,ST1_20200808_MMR_1C48_39_59.png,0.0
451,ST1_20200808_MMR_1C48_39_60.png,0.0
452,ST1_20200808_MMR_1C48_39_61.png,0.0
453,ST1_20200808_MMR_1C48_40_32.png,0.0
454,ST1_20200808_MMR_1C48_40_33.png,0.0
455,ST1_20200808_MMR_1C48_40_37.png,0.4352189781021898
456,ST1_20200808_MMR_1C48_40_38.png,0.06084776663628077
457,ST1_20200808_MMR_1C48_40_49.png,0.0
458,ST1_20200808_MMR_1C48_40_50.png,0.0
459,ST1_20200808_MMR_1C48_40_51.png,0.0
460,ST1_20200808_MMR_1C48_40_52.png,0.0
461,ST1_20200808_MMR_1C48_40_53.png,0.4505297716758693
462,ST1_20200808_MMR_1C48_40_59.png,0.00812407680945347
463,ST1_20200808_MMR_1C48_40_60.png,0.0
464,ST1_20200808_MMR_1C48_40_61.png,0.0
465,ST1_20200808_MMR_1C48_40_7.png,0.0
466,ST1_20200808_MMR_1C48_40_8.png,0.0
467,ST1_20200808_MMR_1C48_41_32.png,0.0
468,ST1_20200808_MMR_1C48_41_33.png,0.0
469,ST1_20200808_MMR_1C48_41_34.png,0.14514348785871964
470,ST1_20200808_MMR_1C48_41_48.png,0.0
471,ST1_20200808_MMR_1C48_41_49.png,0.0
472,ST1_20200808_MMR_1C48_41_50.png,0.0
473,ST1_20200808_MMR_1C48_41_51.png,0.0
474,ST1_20200808_MMR_1C48_41_52.png,0.0
475,ST1_20200808_MMR_1C48_41_53.png,0.0
476,ST1_20200808_MMR_1C48_41_59.png,0.03463233750787099
477,ST1_20200808_MMR_1C48_41_60.png,0.0
478,ST1_20200808_MMR_1C48_41_61.png,0.0
479,ST1_20200808_MMR_1C48_41_62.png,0.0
480,ST1_20200808_MMR_1C48_41_7.png,0.0
481,ST1_20200808_MMR_1C48_41_8.png,0.0
482,ST1_20200808_MMR_1C48_42_27.png,0.0
483,ST1_20200808_MMR_1C48_42_28.png,0.0
484,ST1_20200808_MMR_1C48_42_29.png,0.0
485,ST1_20200808_MMR_1C48_42_30.png,0.0
486,ST1_20200808_MMR_1C48_42_31.png,0.0
487,ST1_20200808_MMR_1C48_42_32.png,0.0
488,ST1_20200808_MMR_1C48_42_33.png,0.0
489,ST1_20200808_MMR_1C48_42_34.png,0.0
490,ST1_20200808_MMR_1C48_42_48.png,0.1766217870257038
491,ST1_20200808_MMR_1C48_42_49.png,0.0
492,ST1_20200808_MMR_1C48_42_50.png,0.0
493,ST1_20200808_MMR_1C48_42_51.png,0.0
494,ST1_20200808_MMR_1C48_42_52.png,0.3541592288468404
495,ST1_20200808_MMR_1C48_42_58.png,0.0
496,ST1_20200808_MMR_1C48_42_59.png,0.0
497,ST1_20200808_MMR_1C48_42_60.png,0.0
498,ST1_20200808_MMR_1C48_42_61.png,0.0
499,ST1_20200808_MMR_1C48_42_62.png,0.0
500,ST1_20200808_MMR_1C48_42_7.png,0.0
501,ST1_20200808_MMR_1C48_42_8.png,0.0
502,ST1_20200808_MMR_1C48_43_29.png,0.0
503,ST1_20200808_MMR_1C48_43_30.png,0.0
504,ST1_20200808_MMR_1C48_43_31.png,0.0
505,ST1_20200808_MMR_1C48_43_33.png,0.0
506,ST1_20200808_MMR_1C48_43_35.png,0.49870466321243523
507,ST1_20200808_MMR_1C48_43_37.png,0.0
508,ST1_20200808_MMR_1C48_43_40.png,0.08662683823529412
509,ST1_20200808_MMR_1C48_43_41.png,0.18237870231646883
510,ST1_20200808_MMR_1C48_43_49.png,0.0
511,ST1_20200808_MMR_1C48_43_50.png,0.0
512,ST1_20200808_MMR_1C48_43_52.png,0.490131926121372
513,ST1_20200808_MMR_1C48_43_53.png,0.12128432715791981
514,ST1_20200808_MMR_1C48_43_58.png,0.0
515,ST1_20200808_MMR_1C48_43_59.png,0.0
516,ST1_20200808_MMR_1C48_43_60.png,0.0
517,ST1_20200808_MMR_1C48_43_61.png,0.0
518,ST1_20200808_MMR_1C48_43_62.png,0.0
519,ST1_20200808_MMR_1C48_43_8.png,0.0
520,ST1_20200808_MMR_1C48_43_9.png,0.0
521,ST1_20200808_MMR_1C48_44_28.png,0.0
522,ST1_20200808_MMR_1C48_44_29.png,0.0
523,ST1_20200808_MMR_1C48_44_30.png,0.0
524,ST1_20200808_MMR_1C48_44_31.png,0.012729124236252547
525,ST1_20200808_MMR_1C48_44_32.png,0.48984565393988627
526,ST1_20200808_MMR_1C48_44_33.png,0.4673913043478261
527,ST1_20200808_MMR_1C48_44_37.png,0.0
528,ST1_20200808_MMR_1C48_44_38.png,0.0
529,ST1_20200808_MMR_1C48_44_39.png,0.0
530,ST1_20200808_MMR_1C48_44_40.png,0.0
531,ST1_20200808_MMR_1C48_44_41.png,0.0
532,ST1_20200808_MMR_1C48_44_42.png,0.0
533,ST1_20200808_MMR_1C48_44_43.png,0.0
534,ST1_20200808_MMR_1C48_44_44.png,0.0
535,ST1_20200808_MMR_1C48_44_45.png,0.2835951134380454
536,ST1_20200808_MMR_1C48_44_49.png,0.21897093479968577
537,ST1_20200808_MMR_1C48_44_51.png,0.0
538,ST1_20200808_MMR_1C48_44_52.png,0.0
539,ST1_20200808_MMR_1C48_44_53.png,0.0
540,ST1_20200808_MMR_1C48_44_58.png,0.0
541,ST1_20200808_MMR_1C48_44_59.png,0.0
542,ST1_20200808_MMR_1C48_44_60.png,0.0
543,ST1_20200808_MMR_1C48_44_61.png,0.0
544,ST1_20200808_MMR_1C48_44_62.png,0.0
545,ST1_20200808_MMR_1C48_44_8.png,0.0
546,ST1_20200808_MMR_1C48_44_9.png,0.0
547,ST1_20200808_MMR_1C48_45_10.png,0.0
548,ST1_20200808_MMR_1C48_45_27.png,0.0
549,ST1_20200808_MMR_1C48_45_29.png,0.0
550,ST1_20200808_MMR_1C48_45_30.png,0.35185185185185186
551,ST1_20200808_MMR_1C48_45_39.png,0.0
552,ST1_20200808_MMR_1C48_45_40.png,0.0
553,ST1_20200808_MMR_1C48_45_41.png,0.0
554,ST1_20200808_MMR_1C48_45_42.png,0.0
555,ST1_20200808_MMR_1C48_45_43.png,0.0
556,ST1_20200808_MMR_1C48_45_44.png,0.0
557,ST1_20200808_MMR_1C48_45_45.png,0.0
558,ST1_20200808_MMR_1C48_45_46.png,0.2888675623800384
559,ST1_20200808_MMR_1C48_45_51.png,0.43463780183180684
560,ST1_20200808_MMR_1C48_45_52.png,0.0
561,ST1_20200808_MMR_1C48_45_55.png,0.1107130060910068
562,ST1_20200808_MMR_1C48_45_59.png,0.0
563,ST1_20200808_MMR_1C48_45_61.png,0.0
564,ST1_20200808_MMR_1C48_45_62.png,0.0
565,ST1_20200808_MMR_1C48_45_63.png,0.0
566,ST1_20200808_MMR_1C48_45_8.png,0.0
567,ST1_20200808_MMR_1C48_45_9.png,0.0
568,ST1_20200808_MMR_1C48_46_10.png,0.0
569,ST1_20200808_MMR_1C48_46_29.png,0.0
570,ST1_20200808_MMR_1C48_46_40.png,0.0
571,ST1_20200808_MMR_1C48_46_41.png,0.0
572,ST1_20200808_MMR_1C48_46_42.png,0.0
573,ST1_20200808_MMR_1C48_46_43.png,0.0
574,ST1_20200808_MMR_1C48_46_44.png,0.0
575,ST1_20200808_MMR_1C48_46_46.png,0.0
576,ST1_20200808_MMR_1C48_46_52.png,0.12464197530864198
577,ST1_20200808_MMR_1C48_46_56.png,0.015454545454545455
578,ST1_20200808_MMR_1C48_46_59.png,0.0
579,ST1_20200808_MMR_1C48_46_60.png,0.0
580,ST1_20200808_MMR_1C48_46_61.png,0.0
581,ST1_20200808_MMR_1C48_46_62.png,0.0
582,ST1_20200808_MMR_1C48_46_63.png,0.0
583,ST1_20200808_MMR_1C48_46_8.png,0.0
584,ST1_20200808_MMR_1C48_46_9.png,0.0
585,ST1_20200808_MMR_1C48_47_10.png,0.0
586,ST1_20200808_MMR_1C48_47_27.png,0.0
587,ST1_20200808_MMR_1C48_47_29.png,0.0
588,ST1_20200808_MMR_1C48_47_37.png,0.0
589,ST1_20200808_MMR_1C48_47_38.png,0.0
590,ST1_20200808_MMR_1C48_47_39.png,0.0
591,ST1_20200808_MMR_1C48_47_40.png,0.0
592,ST1_20200808_MMR_1C48_47_41.png,0.0
593,ST1_20200808_MMR_1C48_47_42.png,0.0
594,ST1_20200808_MMR_1C48_47_43.png,0.0
595,ST1_20200808_MMR_1C48_47_44.png,0.0
596,ST1_20200808_MMR_1C48_47_45.png,0.0
597,ST1_20200808_MMR_1C48_47_46.png,0.0
598,ST1_20200808_MMR_1C48_47_47.png,0.0
599,ST1_20200808_MMR_1C48_47_48.png,0.0
600,ST1_20200808_MMR_1C48_47_53.png,0.0
601,ST1_20200808_MMR_1C48_47_54.png,0.0
602,ST1_20200808_MMR_1C48_47_55.png,0.38700464119957156
603,ST1_20200808_MMR_1C48_47_56.png,0.14988558352402745
604,ST1_20200808_MMR_1C48_47_59.png,0.496415770609319
605,ST1_20200808_MMR_1C48_47_60.png,0.0
606,ST1_20200808_MMR_1C48_47_61.png,0.0
607,ST1_20200808_MMR_1C48_47_62.png,0.0
608,ST1_20200808_MMR_1C48_47_63.png,0.0
609,ST1_20200808_MMR_1C48_47_9.png,0.0
610,ST1_20200808_MMR_1C48_48_11.png,0.0
611,ST1_20200808_MMR_1C48_48_27.png,0.0
612,ST1_20200808_MMR_1C48_48_28.png,0.0
613,ST1_20200808_MMR_1C48_48_35.png,0.0
614,ST1_20200808_MMR_1C48_48_36.png,0.0
615,ST1_20200808_MMR_1C48_48_37.png,0.0
616,ST1_20200808_MMR_1C48_48_38.png,0.0
617,ST1_20200808_MMR_1C48_48_39.png,0.0
618,ST1_20200808_MMR_1C48_48_40.png,0.0
619,ST1_20200808_MMR_1C48_48_41.png,0.0
620,ST1_20200808_MMR_1C48_48_42.png,0.0
621,ST1_20200808_MMR_1C48_48_43.png,0.0
622,ST1_20200808_MMR_1C48_48_44.png,0.0
623,ST1_20200808_MMR_1C48_48_45.png,0.0
624,ST1_20200808_MMR_1C48_48_46.png,0.0
625,ST1_20200808_MMR_1C48_48_47.png,0.0
626,ST1_20200808_MMR_1C48_48_53.png,0.145160405812997
627,ST1_20200808_MMR_1C48_48_54.png,0.0
628,ST1_20200808_MMR_1C48_48_55.png,0.4454183266932271
629,ST1_20200808_MMR_1C48_48_59.png,0.18580121703853955
630,ST1_20200808_MMR_1C48_48_60.png,0.0
631,ST1_20200808_MMR_1C48_48_61.png,0.0
632,ST1_20200808_MMR_1C48_48_62.png,0.0
633,ST1_20200808_MMR_1C48_48_63.png,0.0
634,ST1_20200808_MMR_1C48_48_8.png,0.0
635,ST1_20200808_MMR_1C48_48_9.png,0.0
636,ST1_20200808_MMR_1C48_49_10.png,0.0
637,ST1_20200808_MMR_1C48_49_11.png,0.0
638,ST1_20200808_MMR_1C48_49_25.png,0.0
639,ST1_20200808_MMR_1C48_49_35.png,0.0
640,ST1_20200808_MMR_1C48_49_36.png,0.0
641,ST1_20200808_MMR_1C48_49_37.png,0.0
642,ST1_20200808_MMR_1C48_49_38.png,0.0
643,ST1_20200808_MMR_1C48_49_39.png,0.0
644,ST1_20200808_MMR_1C48_49_41.png,0.0
645,ST1_20200808_MMR_1C48_49_42.png,0.0
646,ST1_20200808_MMR_1C48_49_43.png,0.0
647,ST1_20200808_MMR_1C48_49_44.png,0.0
648,ST1_20200808_MMR_1C48_49_45.png,0.0
649,ST1_20200808_MMR_1C48_49_46.png,0.0
650,ST1_20200808_MMR_1C48_49_47.png,0.0
651,ST1_20200808_MMR_1C48_49_54.png,0.13934426229508196
652,ST1_20200808_MMR_1C48_49_59.png,0.0
653,ST1_20200808_MMR_1C48_49_60.png,0.0
654,ST1_20200808_MMR_1C48_49_62.png,0.0
655,ST1_20200808_MMR_1C48_49_63.png,0.0
656,ST1_20200808_MMR_1C48_49_8.png,0.0
657,ST1_20200808_MMR_1C48_49_9.png,0.0
658,ST1_20200808_MMR_1C48_50_10.png,0.0
659,ST1_20200808_MMR_1C48_50_11.png,0.0
660,ST1_20200808_MMR_1C48_50_25.png,0.0
661,ST1_20200808_MMR_1C48_50_26.png,0.0
662,ST1_20200808_MMR_1C48_50_27.png,0.0
663,ST1_20200808_MMR_1C48_50_35.png,0.0
664,ST1_20200808_MMR_1C48_50_36.png,0.0
665,ST1_20200808_MMR_1C48_50_39.png,0.0
666,ST1_20200808_MMR_1C48_50_40.png,0.12265084075173097
667,ST1_20200808_MMR_1C48_50_41.png,0.0
668,ST1_20200808_MMR_1C48_50_42.png,0.0
669,ST1_20200808_MMR_1C48_50_43.png,0.0
670,ST1_20200808_MMR_1C48_50_45.png,0.0
671,ST1_20200808_MMR_1C48_50_46.png,0.0
672,ST1_20200808_MMR_1C48_50_47.png,0.0
673,ST1_20200808_MMR_1C48_50_55.png,0.320420478878723
674,ST1_20200808_MMR_1C48_50_60.png,0.0
675,ST1_20200808_MMR_1C48_50_61.png,0.0
676,ST1_20200808_MMR_1C48_50_63.png,0.0
677,ST1_20200808_MMR_1C48_50_64.png,0.0
678,ST1_20200808_MMR_1C48_50_9.png,0.0
679,ST1_20200808_MMR_1C48_51_10.png,0.0
680,ST1_20200808_MMR_1C48_51_25.png,0.0
681,ST1_20200808_MMR_1C48_51_26.png,0.0
682,ST1_20200808_MMR_1C48_51_35.png,0.0
683,ST1_20200808_MMR_1C48_51_36.png,0.0
684,ST1_20200808_MMR_1C48_51_37.png,0.0
685,ST1_20200808_MMR_1C48_51_38.png,0.0
686,ST1_20200808_MMR_1C48_51_39.png,0.0
687,ST1_20200808_MMR_1C48_51_40.png,0.0
688,ST1_20200808_MMR_1C48_51_41.png,0.0
689,ST1_20200808_MMR_1C48_51_42.png,0.0
690,ST1_20200808_MMR_1C48_51_43.png,0.0
691,ST1_20200808_MMR_1C48_51_44.png,0.0
692,ST1_20200808_MMR_1C48_51_45.png,0.0
693,ST1_20200808_MMR_1C48_51_46.png,0.0
694,ST1_20200808_MMR_1C48_51_47.png,0.07964601769911504
695,ST1_20200808_MMR_1C48_51_48.png,0.2830188679245283
696,ST1_20200808_MMR_1C48_51_49.png,0.23376623376623376
697,ST1_20200808_MMR_1C48_51_56.png,0.22009569377990432
698,ST1_20200808_MMR_1C48_51_61.png,0.0
699,ST1_20200808_MMR_1C48_51_62.png,0.0
700,ST1_20200808_MMR_1C48_51_63.png,0.0
701,ST1_20200808_MMR_1C48_51_64.png,0.0
702,ST1_20200808_MMR_1C48_51_9.png,0.0
703,ST1_20200808_MMR_1C48_52_10.png,0.0
704,ST1_20200808_MMR_1C48_52_11.png,0.0
705,ST1_20200808_MMR_1C48_52_12.png,0.0
706,ST1_20200808_MMR_1C48_52_13.png,0.0
707,ST1_20200808_MMR_1C48_52_25.png,0.0
708,ST1_20200808_MMR_1C48_52_26.png,0.0
709,ST1_20200808_MMR_1C48_52_34.png,0.0
710,ST1_20200808_MMR_1C48_52_35.png,0.0
711,ST1_20200808_MMR_1C48_52_36.png,0.0
712,ST1_20200808_MMR_1C48_52_37.png,0.0
713,ST1_20200808_MMR_1C48_52_38.png,0.0
714,ST1_20200808_MMR_1C48_52_39.png,0.0
715,ST1_20200808_MMR_1C48_52_40.png,0.0
716,ST1_20200808_MMR_1C48_52_41.png,0.0
717,ST1_20200808_MMR_1C48_52_42.png,0.0
718,ST1_20200808_MMR_1C48_52_43.png,0.0
719,ST1_20200808_MMR_1C48_52_45.png,0.0
720,ST1_20200808_MMR_1C48_52_46.png,0.0
721,ST1_20200808_MMR_1C48_52_47.png,0.0
722,ST1_20200808_MMR_1C48_52_48.png,0.12942779291553133
723,ST1_20200808_MMR_1C48_52_49.png,0.2259450171821306
724,ST1_20200808_MMR_1C48_52_55.png,0.4937888198757764
725,ST1_20200808_MMR_1C48_52_56.png,0.0
726,ST1_20200808_MMR_1C48_52_62.png,0.0
727,ST1_20200808_MMR_1C48_52_63.png,0.0
728,ST1_20200808_MMR_1C48_52_64.png,0.0
729,ST1_20200808_MMR_1C48_52_9.png,0.0
730,ST1_20200808_MMR_1C48_53_10.png,0.0
731,ST1_20200808_MMR_1C48_53_11.png,0.0
732,ST1_20200808_MMR_1C48_53_12.png,0.0
733,ST1_20200808_MMR_1C48_53_18.png,0.0
734,ST1_20200808_MMR_1C48_53_24.png,0.0
735,ST1_20200808_MMR_1C48_53_34.png,0.0
736,ST1_20200808_MMR_1C48_53_35.png,0.0
737,ST1_20200808_MMR_1C48_53_36.png,0.0
738,ST1_20200808_MMR_1C48_53_37.png,0.0
739,ST1_20200808_MMR_1C48_53_38.png,0.0
740,ST1_20200808_MMR_1C48_53_39.png,0.0
741,ST1_20200808_MMR_1C48_53_40.png,0.0
742,ST1_20200808_MMR_1C48_53_41.png,0.0
743,ST1_20200808_MMR_1C48_53_42.png,0.0
744,ST1_20200808_MMR_1C48_53_43.png,0.0
745,ST1_20200808_MMR_1C48_53_44.png,0.0
746,ST1_20200808_MMR_1C48_53_46.png,0.0
747,ST1_20200808_MMR_1C48_53_47.png,0.0
748,ST1_20200808_MMR_1C48_53_48.png,0.10271646859083192
749,ST1_20200808_MMR_1C48_53_49.png,0.25961538461538464
750,ST1_20200808_MMR_1C48_53_50.png,0.13157894736842105
751,ST1_20200808_MMR_1C48_53_57.png,0.1922141119221411
752,ST1_20200808_MMR_1C48_53_62.png,0.0
753,ST1_20200808_MMR_1C48_53_63.png,0.0
754,ST1_20200808_MMR_1C48_53_64.png,0.0
755,ST1_20200808_MMR_1C48_53_65.png,0.0
756,ST1_20200808_MMR_1C48_53_9.png,0.0
757,ST1_20200808_MMR_1C48_54_10.png,0.0
758,ST1_20200808_MMR_1C48_54_12.png,0.0
759,ST1_20200808_MMR_1C48_54_22.png,0.0
760,ST1_20200808_MMR_1C48_54_25.png,0.0
761,ST1_20200808_MMR_1C48_54_32.png,0.18518518518518517
762,ST1_20200808_MMR_1C48_54_34.png,0.0
763,ST1_20200808_MMR_1C48_54_35.png,0.0
764,ST1_20200808_MMR_1C48_54_36.png,0.0
765,ST1_20200808_MMR_1C48_54_37.png,0.0
766,ST1_20200808_MMR_1C48_54_38.png,0.0
767,ST1_20200808_MMR_1C48_54_39.png,0.0
768,ST1_20200808_MMR_1C48_54_40.png,0.0
769,ST1_20200808_MMR_1C48_54_41.png,0.0
770,ST1_20200808_MMR_1C48_54_42.png,0.0
771,ST1_20200808_MMR_1C48_54_43.png,0.0
772,ST1_20200808_MMR_1C48_54_44.png,0.0
773,ST1_20200808_MMR_1C48_54_45.png,0.0
774,ST1_20200808_MMR_1C48_54_46.png,0.0
775,ST1_20200808_MMR_1C48_54_48.png,0.0
776,ST1_20200808_MMR_1C48_54_49.png,0.0
777,ST1_20200808_MMR_1C48_54_50.png,0.0
778,ST1_20200808_MMR_1C48_54_63.png,0.20841683366733466
779,ST1_20200808_MMR_1C48_54_64.png,0.4840989399293286
780,ST1_20200808_MMR_1C48_55_23.png,0.0
781,ST1_20200808_MMR_1C48_55_34.png,0.0
782,ST1_20200808_MMR_1C48_55_35.png,0.0
783,ST1_20200808_MMR_1C48_55_36.png,0.0
784,ST1_20200808_MMR_1C48_55_37.png,0.0
785,ST1_20200808_MMR_1C48_55_38.png,0.0
786,ST1_20200808_MMR_1C48_55_39.png,0.0
787,ST1_20200808_MMR_1C48_55_40.png,0.0
788,ST1_20200808_MMR_1C48_55_41.png,0.0
789,ST1_20200808_MMR_1C48_55_42.png,0.0
790,ST1_20200808_MMR_1C48_55_43.png,0.0
791,ST1_20200808_MMR_1C48_55_46.png,0.1793478260869565
792,ST1_20200808_MMR_1C48_55_50.png,0.0
793,ST1_20200808_MMR_1C48_55_62.png,0.4956016102579395
794,ST1_20200808_MMR_1C48_55_64.png,0.20110330992978936
795,ST1_20200808_MMR_1C48_55_65.png,0.0
796,ST1_20200808_MMR_1C48_56_24.png,0.0
797,ST1_20200808_MMR_1C48_56_27.png,0.007746108144694292
798,ST1_20200808_MMR_1C48_56_33.png,0.0
799,ST1_20200808_MMR_1C48_56_34.png,0.0
800,ST1_20200808_MMR_1C48_56_35.png,0.0
801,ST1_20200808_MMR_1C48_56_36.png,0.0
802,ST1_20200808_MMR_1C48_56_38.png,0.0
803,ST1_20200808_MMR_1C48_56_39.png,0.0
804,ST1_20200808_MMR_1C48_56_40.png,0.0
805,ST1_20200808_MMR_1C48_56_41.png,0.1115702479338843
806,ST1_20200808_MMR_1C48_56_43.png,0.0
807,ST1_20200808_MMR_1C48_56_44.png,0.0
808,ST1_20200808_MMR_1C48_56_45.png,0.11493461803165864
809,ST1_20200808_MMR_1C48_56_46.png,0.4992098836374084
810,ST1_20200808_MMR_1C48_56_47.png,0.4209903121636168
811,ST1_20200808_MMR_1C48_56_49.png,0.0
812,ST1_20200808_MMR_1C48_56_50.png,0.25252525252525254
813,ST1_20200808_MMR_1C48_56_51.png,0.0
814,ST1_20200808_MMR_1C48_56_60.png,0.0
815,ST1_20200808_MMR_1C48_56_66.png,0.0
816,ST1_20200808_MMR_1C48_57_27.png,0.23920189936992056
817,ST1_20200808_MMR_1C48_57_28.png,0.4633931843165995
818,ST1_20200808_MMR_1C48_57_32.png,0.0
819,ST1_20200808_MMR_1C48_57_34.png,0.0
820,ST1_20200808_MMR_1C48_57_35.png,0.0
821,ST1_20200808_MMR_1C48_57_36.png,0.0
822,ST1_20200808_MMR_1C48_57_37.png,0.0
823,ST1_20200808_MMR_1C48_57_38.png,0.0
824,ST1_20200808_MMR_1C48_57_39.png,0.0
825,ST1_20200808_MMR_1C48_57_40.png,0.0
826,ST1_20200808_MMR_1C48_57_41.png,0.3902439024390244
827,ST1_20200808_MMR_1C48_57_43.png,0.0
828,ST1_20200808_MMR_1C48_57_45.png,0.30396039603960395
829,ST1_20200808_MMR_1C48_57_47.png,0.3822184105202973
830,ST1_20200808_MMR_1C48_57_48.png,0.40175953079178883
831,ST1_20200808_MMR_1C48_57_49.png,0.0
832,ST1_20200808_MMR_1C48_57_51.png,0.0
833,ST1_20200808_MMR_1C48_57_52.png,0.0
834,ST1_20200808_MMR_1C48_57_58.png,0.0
835,ST1_20200808_MMR_1C48_57_60.png,0.0
836,ST1_20200808_MMR_1C48_57_65.png,0.4298969072164949
837,ST1_20200808_MMR_1C48_57_66.png,0.0
838,ST1_20200808_MMR_1C48_58_22.png,0.0
839,ST1_20200808_MMR_1C48_58_30.png,0.4711992445703494
840,ST1_20200808_MMR_1C48_58_31.png,0.0
841,ST1_20200808_MMR_1C48_58_33.png,0.0
842,ST1_20200808_MMR_1C48_58_34.png,0.0
843,ST1_20200808_MMR_1C48_58_35.png,0.0
844,ST1_20200808_MMR_1C48_58_36.png,0.0
845,ST1_20200808_MMR_1C48_58_37.png,0.0
846,ST1_20200808_MMR_1C48_58_38.png,0.0
847,ST1_20200808_MMR_1C48_58_39.png,0.0
848,ST1_20200808_MMR_1C48_58_40.png,0.0
849,ST1_20200808_MMR_1C48_58_43.png,0.0
850,ST1_20200808_MMR_1C48_58_44.png,0.0
851,ST1_20200808_MMR_1C48_58_49.png,0.3659730722154223
852,ST1_20200808_MMR_1C48_58_51.png,0.0
853,ST1_20200808_MMR_1C48_58_57.png,0.0
854,ST1_20200808_MMR_1C48_58_58.png,0.0
855,ST1_20200808_MMR_1C48_58_59.png,0.0
856,ST1_20200808_MMR_1C48_58_60.png,0.0
857,ST1_20200808_MMR_1C48_58_61.png,0.0
858,ST1_20200808_MMR_1C48_58_66.png,0.0
859,ST1_20200808_MMR_1C48_59_11.png,0.0
860,ST1_20200808_MMR_1C48_59_22.png,0.0
861,ST1_20200808_MMR_1C48_59_30.png,0.0
862,ST1_20200808_MMR_1C48_59_31.png,0.0
863,ST1_20200808_MMR_1C48_59_32.png,0.0
864,ST1_20200808_MMR_1C48_59_34.png,0.0
865,ST1_20200808_MMR_1C48_59_35.png,0.0
866,ST1_20200808_MMR_1C48_59_36.png,0.0
867,ST1_20200808_MMR_1C48_59_37.png,0.0
868,ST1_20200808_MMR_1C48_59_38.png,0.0
869,ST1_20200808_MMR_1C48_59_40.png,0.0
870,ST1_20200808_MMR_1C48_59_41.png,0.37996031746031744
871,ST1_20200808_MMR_1C48_59_42.png,0.03382663847780127
872,ST1_20200808_MMR_1C48_59_43.png,0.14736842105263157
873,ST1_20200808_MMR_1C48_59_49.png,0.01990049751243781
874,ST1_20200808_MMR_1C48_59_58.png,0.0
875,ST1_20200808_MMR_1C48_59_59.png,0.0
876,ST1_20200808_MMR_1C48_59_60.png,0.0
877,ST1_20200808_MMR_1C48_59_61.png,0.0
878,ST1_20200808_MMR_1C48_60_10.png,0.0
879,ST1_20200808_MMR_1C48_60_11.png,0.0
880,ST1_20200808_MMR_1C48_60_20.png,0.0
881,ST1_20200808_MMR_1C48_60_21.png,0.0
882,ST1_20200808_MMR_1C48_60_27.png,0.0881207400194742
883,ST1_20200808_MMR_1C48_60_30.png,0.0
884,ST1_20200808_MMR_1C48_60_32.png,0.30448717948717946
885,ST1_20200808_MMR_1C48_60_33.png,0.3521341463414634
886,ST1_20200808_MMR_1C48_60_34.png,0.0
887,ST1_20200808_MMR_1C48_60_35.png,0.0
888,ST1_20200808_MMR_1C48_60_36.png,0.0
889,ST1_20200808_MMR_1C48_60_37.png,0.0
890,ST1_20200808_MMR_1C48_60_38.png,0.0
891,ST1_20200808_MMR_1C48_60_39.png,0.0
892,ST1_20200808_MMR_1C48_60_40.png,0.0
893,ST1_20200808_MMR_1C48_60_41.png,0.0196078431372549
894,ST1_20200808_MMR_1C48_60_42.png,0.0
895,ST1_20200808_MMR_1C48_60_43.png,0.06597222222222222
896,ST1_20200808_MMR_1C48_60_45.png,0.45682656826568263
897,ST1_20200808_MMR_1C48_60_49.png,0.3069306930693069
898,ST1_20200808_MMR_1C48_60_54.png,0.0
899,ST1_20200808_MMR_1C48_60_55.png,0.0
900,ST1_20200808_MMR_1C48_60_56.png,0.0
901,ST1_20200808_MMR_1C48_60_57.png,0.0
902,ST1_20200808_MMR_1C48_60_59.png,0.0
903,ST1_20200808_MMR_1C48_60_60.png,0.0
904,ST1_20200808_MMR_1C48_60_61.png,0.0
905,ST1_20200808_MMR_1C48_60_62.png,0.24370594159113795
906,ST1_20200808_MMR_1C48_60_65.png,0.41823056300268097
907,ST1_20200808_MMR_1C48_60_66.png,0.0
908,ST1_20200808_MMR_1C48_60_67.png,0.0
909,ST1_20200808_MMR_1C48_61_10.png,0.0
910,ST1_20200808_MMR_1C48_61_11.png,0.0
911,ST1_20200808_MMR_1C48_61_12.png,0.0
912,ST1_20200808_MMR_1C48_61_20.png,0.0
913,ST1_20200808_MMR_1C48_61_21.png,0.0
914,ST1_20200808_MMR_1C48_61_25.png,0.4977912886524486
915,ST1_20200808_MMR_1C48_61_27.png,0.02421943390720747
916,ST1_20200808_MMR_1C48_61_28.png,0.0
917,ST1_20200808_MMR_1C48_61_29.png,0.0
918,ST1_20200808_MMR_1C48_61_30.png,0.0
919,ST1_20200808_MMR_1C48_61_31.png,0.0
920,ST1_20200808_MMR_1C48_61_32.png,0.0
921,ST1_20200808_MMR_1C48_61_33.png,0.0
922,ST1_20200808_MMR_1C48_61_35.png,0.0
923,ST1_20200808_MMR_1C48_61_36.png,0.0
924,ST1_20200808_MMR_1C48_61_37.png,0.0
925,ST1_20200808_MMR_1C48_61_38.png,0.0
926,ST1_20200808_MMR_1C48_61_39.png,0.0
927,ST1_20200808_MMR_1C48_61_40.png,0.0
928,ST1_20200808_MMR_1C48_61_41.png,0.23809523809523808
929,ST1_20200808_MMR_1C48_61_53.png,0.3278159063383125
930,ST1_20200808_MMR_1C48_61_54.png,0.0
931,ST1_20200808_MMR_1C48_61_61.png,0.0
932,ST1_20200808_MMR_1C48_61_62.png,0.0
933,ST1_20200808_MMR_1C48_61_63.png,0.48170567662093083
934,ST1_20200808_MMR_1C48_61_65.png,0.342728297632469
935,ST1_20200808_MMR_1C48_61_66.png,0.0
936,ST1_20200808_MMR_1C48_61_67.png,0.0
937,ST1_20200808_MMR_1C48_62_10.png,0.0
938,ST1_20200808_MMR_1C48_62_11.png,0.0
939,ST1_20200808_MMR_1C48_62_21.png,0.0
940,ST1_20200808_MMR_1C48_62_32.png,0.2558139534883721
941,ST1_20200808_MMR_1C48_62_34.png,0.0
942,ST1_20200808_MMR_1C48_62_38.png,0.0
943,ST1_20200808_MMR_1C48_62_39.png,0.0
944,ST1_20200808_MMR_1C48_62_40.png,0.0
945,ST1_20200808_MMR_1C48_62_41.png,0.4701195219123506
946,ST1_20200808_MMR_1C48_62_42.png,0.12320916905444126
947,ST1_20200808_MMR_1C48_62_43.png,0.3739130434782609
948,ST1_20200808_MMR_1C48_62_46.png,0.0
949,ST1_20200808_MMR_1C48_62_49.png,0.41228070175438597
950,ST1_20200808_MMR_1C48_62_51.png,0.15695415695415696
951,ST1_20200808_MMR_1C48_62_54.png,0.0
952,ST1_20200808_MMR_1C48_62_55.png,0.0
953,ST1_20200808_MMR_1C48_62_61.png,0.0
954,ST1_20200808_MMR_1C48_62_62.png,0.0
955,ST1_20200808_MMR_1C48_62_63.png,0.0
956,ST1_20200808_MMR_1C48_62_65.png,0.09221902017291066
957,ST1_20200808_MMR_1C48_62_66.png,0.0
958,ST1_20200808_MMR_1C48_62_67.png,0.0
959,ST1_20200808_MMR_1C48_63_11.png,0.0
960,ST1_20200808_MMR_1C48_63_12.png,0.0
961,ST1_20200808_MMR_1C48_63_35.png,0.2631578947368421
962,ST1_20200808_MMR_1C48_63_38.png,0.29396615158204564
963,ST1_20200808_MMR_1C48_63_39.png,0.0
964,ST1_20200808_MMR_1C48_63_40.png,0.0
965,ST1_20200808_MMR_1C48_63_52.png,0.32954545454545453
966,ST1_20200808_MMR_1C48_63_54.png,0.284004884004884
967,ST1_20200808_MMR_1C48_63_55.png,0.0
968,ST1_20200808_MMR_1C48_63_61.png,0.04591836734693878
969,ST1_20200808_MMR_1C48_63_62.png,0.0
970,ST1_20200808_MMR_1C48_63_63.png,0.0
971,ST1_20200808_MMR_1C48_63_66.png,0.37043580683156657
972,ST1_20200808_MMR_1C48_63_67.png,0.0
973,ST1_20200808_MMR_1C48_64_12.png,0.0
974,ST1_20200808_MMR_1C48_64_34.png,0.0
975,ST1_20200808_MMR_1C48_64_35.png,0.0
976,ST1_20200808_MMR_1C48_64_39.png,0.0
977,ST1_20200808_MMR_1C48_64_40.png,0.0
978,ST1_20200808_MMR_1C48_64_41.png,0.4080034797738147
979,ST1_20200808_MMR_1C48_64_48.png,0.18478260869565216
980,ST1_20200808_MMR_1C48_64_52.png,0.15872184389732844
981,ST1_20200808_MMR_1C48_64_55.png,0.0
982,ST1_20200808_MMR_1C48_64_64.png,0.24975514201762977
983,ST1_20200808_MMR_1C48_64_65.png,0.0
984,ST1_20200808_MMR_1C48_64_66.png,0.4828460819650247
985,ST1_20200808_MMR_1C48_64_67.png,0.0
986,ST1_20200808_MMR_1C48_64_68.png,0.0
987,ST1_20200808_MMR_1C48_65_12.png,0.0
988,ST1_20200808_MMR_1C48_65_30.png,0.27497708524289644
989,ST1_20200808_MMR_1C48_65_33.png,0.0
990,ST1_20200808_MMR_1C48_65_34.png,0.0
991,ST1_20200808_MMR_1C48_65_35.png,0.0
992,ST1_20200808_MMR_1C48_65_36.png,0.0
993,ST1_20200808_MMR_1C48_65_39.png,0.0
994,ST1_20200808_MMR_1C48_65_40.png,0.0
995,ST1_20200808_MMR_1C48_65_41.png,0.0
996,ST1_20200808_MMR_1C48_65_52.png,0.462891809908999
997,ST1_20200808_MMR_1C48_65_55.png,0.0
998,ST1_20200808_MMR_1C48_65_56.png,0.0
999,ST1_20200808_MMR_1C48_65_65.png,0.0
1000,ST1_20200808_MMR_1C48_65_67.png,0.0
1001,ST1_20200808_MMR_1C48_65_68.png,0.0
1002,ST1_20200808_MMR_1C48_66_12.png,0.0
1003,ST1_20200808_MMR_1C48_66_18.png,0.0
1004,ST1_20200808_MMR_1C48_66_31.png,0.0
1005,ST1_20200808_MMR_1C48_66_32.png,0.208
1006,ST1_20200808_MMR_1C48_66_35.png,0.0
1007,ST1_20200808_MMR_1C48_66_36.png,0.0
1008,ST1_20200808_MMR_1C48_66_37.png,0.0
1009,ST1_20200808_MMR_1C48_66_39.png,0.0
1010,ST1_20200808_MMR_1C48_66_40.png,0.0
1011,ST1_20200808_MMR_1C48_66_41.png,0.0
1012,ST1_20200808_MMR_1C48_66_55.png,0.4146814088681181
1013,ST1_20200808_MMR_1C48_66_56.png,0.06024907438572871
1014,ST1_20200808_MMR_1C48_66_65.png,0.0
1015,ST1_20200808_MMR_1C48_66_66.png,0.28171978352375227
1016,ST1_20200808_MMR_1C48_67_18.png,0.47547974413646055
1017,ST1_20200808_MMR_1C48_67_33.png,0.4416403785488959
1018,ST1_20200808_MMR_1C48_67_35.png,0.17293233082706766
1019,ST1_20200808_MMR_1C48_67_37.png,0.497366881217086
1020,ST1_20200808_MMR_1C48_67_38.png,0.38258877434135163
1021,ST1_20200808_MMR_1C48_67_39.png,0.0
1022,ST1_20200808_MMR_1C48_67_40.png,0.0
1023,ST1_20200808_MMR_1C48_67_56.png,0.0
1024,ST1_20200808_MMR_1C48_67_65.png,0.0
1025,ST1_20200808_MMR_1C48_67_66.png,0.0
1026,ST1_20200808_MMR_1C48_67_67.png,0.0
1027,ST1_20200808_MMR_1C48_68_17.png,0.39149888143176736
1028,ST1_20200808_MMR_1C48_68_37.png,0.0
1029,ST1_20200808_MMR_1C48_68_38.png,0.0
1030,ST1_20200808_MMR_1C48_68_39.png,0.0
1031,ST1_20200808_MMR_1C48_68_40.png,0.0
1032,ST1_20200808_MMR_1C48_68_41.png,0.0
1033,ST1_20200808_MMR_1C48_68_56.png,0.32593641800440665
1034,ST1_20200808_MMR_1C48_68_65.png,0.42472983161598393
1035,ST1_20200808_MMR_1C48_68_66.png,0.30364372469635625
1036,ST1_20200808_MMR_1C48_68_67.png,0.3187847008019741
1037,ST1_20200808_MMR_1C48_69_34.png,0.0
1038,ST1_20200808_MMR_1C48_69_37.png,0.0
1039,ST1_20200808_MMR_1C48_69_38.png,0.0
1040,ST1_20200808_MMR_1C48_69_39.png,0.0
1041,ST1_20200808_MMR_1C48_69_40.png,0.0
1042,ST1_20200808_MMR_1C48_69_41.png,0.0
1043,ST1_20200808_MMR_1C48_69_69.png,0.36357292393579904
1044,ST1_20200808_MMR_1C48_70_16.png,0.0
1045,ST1_20200808_MMR_1C48_70_33.png,0.0
1046,ST1_20200808_MMR_1C48_70_34.png,0.0
1047,ST1_20200808_MMR_1C48_70_36.png,0.0
1048,ST1_20200808_MMR_1C48_70_37.png,0.0
1049,ST1_20200808_MMR_1C48_70_38.png,0.0
1050,ST1_20200808_MMR_1C48_70_39.png,0.0
1051,ST1_20200808_MMR_1C48_70_40.png,0.0
1052,ST1_20200808_MMR_1C48_70_41.png,0.0
1053,ST1_20200808_MMR_1C48_70_42.png,0.0
1054,ST1_20200808_MMR_1C48_71_16.png,0.45233265720081134
1055,ST1_20200808_MMR_1C48_71_36.png,0.0
1056,ST1_20200808_MMR_1C48_71_37.png,0.0
1057,ST1_20200808_MMR_1C48_71_38.png,0.0
1058,ST1_20200808_MMR_1C48_71_40.png,0.0
1059,ST1_20200808_MMR_1C48_72_35.png,0.0
1060,ST1_20200808_MMR_1C48_72_36.png,0.0
1061,ST1_20200808_MMR_1C48_72_37.png,0.0
1062,ST1_20200808_MMR_1C48_72_56.png,0.416934459307974
1063,ST1_20200808_MMR_1C48_72_57.png,0.0
1064,ST1_20200808_MMR_1C48_73_15.png,0.0
1065,ST1_20200808_MMR_1C48_73_34.png,0.0
1066,ST1_20200808_MMR_1C48_73_35.png,0.0
1067,ST1_20200808_MMR_1C48_73_36.png,0.0
1068,ST1_20200808_MMR_1C48_73_37.png,0.2606299212598425
1069,ST1_20200808_MMR_1C48_73_40.png,0.0
1070,ST1_20200808_MMR_1C48_73_41.png,0.450354609929078
1071,ST1_20200808_MMR_1C48_73_55.png,0.0
1072,ST1_20200808_MMR_1C48_73_56.png,0.0
1073,ST1_20200808_MMR_1C48_73_57.png,0.0
1074,ST1_20200808_MMR_1C48_74_13.png,0.0
1075,ST1_20200808_MMR_1C48_74_21.png,0.47217651964209245
1076,ST1_20200808_MMR_1C48_74_32.png,0.0
1077,ST1_20200808_MMR_1C48_74_33.png,0.41732283464566927
1078,ST1_20200808_MMR_1C48_74_34.png,0.0
1079,ST1_20200808_MMR_1C48_74_39.png,0.30383480825958703
1080,ST1_20200808_MMR_1C48_74_40.png,0.0
1081,ST1_20200808_MMR_1C48_74_41.png,0.0
1082,ST1_20200808_MMR_1C48_74_42.png,0.0
1083,ST1_20200808_MMR_1C48_74_43.png,0.0
1084,ST1_20200808_MMR_1C48_74_44.png,0.0
1085,ST1_20200808_MMR_1C48_74_45.png,0.49850746268656715
1086,ST1_20200808_MMR_1C48_74_51.png,0.43666725883815954
1087,ST1_20200808_MMR_1C48_74_55.png,0.0
1088,ST1_20200808_MMR_1C48_74_57.png,0.21580229725026104
1089,ST1_20200808_MMR_1C48_75_31.png,0.23841059602649006
1090,ST1_20200808_MMR_1C48_75_32.png,0.0
1091,ST1_20200808_MMR_1C48_75_34.png,0.4175365344467641
1092,ST1_20200808_MMR_1C48_75_42.png,0.2692307692307692
1093,ST1_20200808_MMR_1C48_75_51.png,0.17249118307149727
1094,ST1_20200808_MMR_1C48_75_52.png,0.0
1095,ST1_20200808_MMR_1C48_76_28.png,0.3596673596673597
1096,ST1_20200808_MMR_1C48_76_29.png,0.39520958083832336
1097,ST1_20200808_MMR_1C48_76_30.png,0.0
1098,ST1_20200808_MMR_1C48_76_31.png,0.0
1099,ST1_20200808_MMR_1C48_76_33.png,0.0
1100,ST1_20200808_MMR_1C48_76_35.png,0.0
1101,ST1_20200808_MMR_1C48_76_41.png,0.0
1102,ST1_20200808_MMR_1C48_76_47.png,0.45093871767623095
1103,ST1_20200808_MMR_1C48_76_48.png,0.0
1104,ST1_20200808_MMR_1C48_77_25.png,0.4523937600860678
1105,ST1_20200808_MMR_1C48_77_28.png,0.44476163288609766
1106,ST1_20200808_MMR_1C48_77_29.png,0.0
1107,ST1_20200808_MMR_1C48_77_30.png,0.4407315421088282
1108,ST1_20200808_MMR_1C48_77_31.png,0.0
1109,ST1_20200808_MMR_1C48_77_33.png,0.0
1110,ST1_20200808_MMR_1C48_77_35.png,0.0
1111,ST1_20200808_MMR_1C48_78_18.png,0.3060796645702306
1112,ST1_20200808_MMR_1C48_78_21.png,0.3876068376068376
1113,ST1_20200808_MMR_1C48_78_23.png,0.4350479511769834
1114,ST1_20200808_MMR_1C48_78_24.png,0.48560885608856086
1115,ST1_20200808_MMR_1C48_78_25.png,0.24393203883495146
1116,ST1_20200808_MMR_1C48_78_29.png,0.316
1117,ST1_20200808_MMR_1C48_78_30.png,0.33098591549295775
1118,ST1_20200808_MMR_1C48_78_31.png,0.0
1119,ST1_20200808_MMR_1C48_78_34.png,0.0
1120,ST1_20200808_MMR_1C48_78_35.png,0.0
1121,ST1_20200808_MMR_1C48_79_21.png,0.3283693224125093
1122,ST1_20200808_MMR_1C48_79_22.png,0.3804100227790433
1123,ST1_20200808_MMR_1C48_79_29.png,0.0
1124,ST1_20200808_MMR_1C48_79_30.png,0.0
1125,ST1_20200808_MMR_1C48_79_32.png,0.4932821497120921
1126,ST1_20200808_MMR_1C48_79_33.png,0.4189189189189189
1127,ST1_20200808_MMR_1C48_79_34.png,0.0
1128,ST1_20200808_MMR_1C48_82_17.png,0.20761451516954194
